sample_id,dataset_type,country_context,subtype,viral_load_category,mutation_count,nrtI_mutations,nnrti_mutations,pi_mutations,insti_mutations,nrtI_resistance_level,nnrti_resistance_level,pi_resistance_level,insti_resistance_level,overall_resistance_level,tenofovir_resistance,lamivudine_resistance,emtricitabine_resistance,abacavir_resistance,zidovudine_resistance,efavirenz_resistance,nevirapine_resistance,rilpivirine_resistance,dolutegravir_resistance,bictegravir_resistance,darunavir_resistance,cd4_category,treatment_history,previous_art_failure,adherence_category,comorbidity_flag,predicted_resistance_class,recommended_regimen_category,regimen_priority_score,model_target,regimen_option_1,regimen_option_1_score,regimen_option_2,regimen_option_2_score,regimen_option_3,regimen_option_3_score,M184V_present,K65R_present,K103N_present,Y181C_present,G190A_present,M46I_present,V82A_present,N155H_present,Q148H_present
HIV001,synthetic_demo_data,India,C,Moderate,3,None,None,None,N155H;Q148H;R263K,None,None,None,High,High,Susceptible,Susceptible,Susceptible,Susceptible,Susceptible,Susceptible,Susceptible,Susceptible,High,High,Susceptible,High,Previously_Treated,Yes,Good,,High,PI_based,52,PI_based,PI_based,85,NRTI_NNRTI_based,80,Alternative_regimen,20,0,0,0,0,0,0,0,1,1
HIV002,synthetic_demo_data,India,C,Moderate,1,K65R,None,None,None,High,None,None,None,High,High,Susceptible,Susceptible,Reduced,Susceptible,Susceptible,Susceptible,Susceptible,Susceptible,Susceptible,Susceptible,High,Previously_Treated,Yes,,None,High,INSTI_based,67,INSTI_based,INSTI_based,90,PI_based,85,NRTI_NNRTI_based,52,0,1,0,0,0,0,0,0,0
HIV003,synthetic_demo_data,India,C,Moderate,0,None,None,None,None,None,None,None,None,None,Susceptible,Susceptible,Susceptible,Susceptible,Susceptible,Susceptible,Susceptible,Susceptible,Susceptible,Susceptible,Susceptible,High,Previously_Treated,No,,Present,None,INSTI_based,100,INSTI_based,INSTI_based,90,PI_based,85,NRTI_NNRTI_based,80,0,0,0,0,0,0,0,0,0
HIV004,synthetic_demo_data,India,C,Low,0,None,None,None,None,None,None,None,None,None,Susceptible,Susceptible,Susceptible,Susceptible,Susceptible,Susceptible,Susceptible,Susceptible,Susceptible,Susceptible,Susceptible,,Treatment_Naive,No,Moderate,None,None,INSTI_based,100,INSTI_based,INSTI_based,90,PI_based,85,NRTI_NNRTI_based,80,0,0,0,0,0,0,0,0,0
HIV005,synthetic_demo_data,India,C,Low,3,None,E138K,None,N155H;R263K,None,Intermediate,None,Intermediate,Intermediate,Susceptible,Susceptible,Susceptible,Susceptible,Susceptible,Susceptible,Susceptible,Reduced,Reduced,Reduced,Susceptible,Low,Previously_Treated,Yes,Moderate,,Intermediate,PI_based,73,PI_based,PI_based,85,NRTI_NNRTI_based,58,INSTI_based,50,0,0,0,0,0,0,0,1,0
HIV006,synthetic_demo_data,India,CRF01_AE,Low,1,None,E138K,None,None,None,Intermediate,None,None,Intermediate,Susceptible,Susceptible,Susceptible,Susceptible,Susceptible,Susceptible,Susceptible,Reduced,Susceptible,Susceptible,Susceptible,High,Previously_Treated,Yes,,Present,Intermediate,INSTI_based,73,INSTI_based,INSTI_based,90,PI_based,85,NRTI_NNRTI_based,58,0,0,0,0,0,0,0,0,0
HIV007,synthetic_demo_data,India,B,Low,1,M184V,None,None,None,High,None,None,None,High,Susceptible,High,High,Susceptible,Susceptible,Susceptible,Susceptible,Susceptible,Susceptible,Susceptible,Susceptible,Low,Treatment_Naive,No,,None,High,INSTI_based,68,INSTI_based,INSTI_based,90,PI_based,85,NRTI_NNRTI_based,45,1,0,0,0,0,0,0,0,0
HIV008,synthetic_demo_data,India,C,High,1,None,Y181C,None,None,None,High,None,None,High,Susceptible,Susceptible,Susceptible,Susceptible,Susceptible,Reduced,High,Reduced,Susceptible,Susceptible,Susceptible,Moderate,Previously_Treated,Yes,Good,,High,INSTI_based,67,INSTI_based,INSTI_based,90,PI_based,85,NRTI_NNRTI_based,52,0,0,0,1,0,0,0,0,0
HIV009,synthetic_demo_data,India,CRF02_AG,,1,D67N,None,None,None,Low,None,None,None,Low,Susceptible,Susceptible,Susceptible,Susceptible,Reduced,Susceptible,Susceptible,Susceptible,Susceptible,Susceptible,Susceptible,Moderate,Treatment_Naive,No,Moderate,None,Low,NRTI_NNRTI_based,98,NRTI_NNRTI_based,INSTI_based,90,PI_based,85,NRTI_NNRTI_based,70,0,0,0,0,0,0,0,0,0
HIV010,synthetic_demo_data,India,C,Low,2,None,None,None,Q148H;Q148R,None,None,None,High,High,Susceptible,Susceptible,Susceptible,Susceptible,Susceptible,Susceptible,Susceptible,Susceptible,High,High,Susceptible,High,Previously_Treated,Yes,,None,High,PI_based,48,PI_based,PI_based,85,NRTI_NNRTI_based,80,Alternative_regimen,17,0,0,0,0,0,0,0,0,1
HIV011,synthetic_demo_data,India,CRF02_AG,Moderate,4,None,None,D30N;V32I,Q148H;N155H,None,None,Intermediate,High,High,Susceptible,Susceptible,Susceptible,Susceptible,Susceptible,Susceptible,Susceptible,Susceptible,High,High,Reduced,,Previously_Treated,Yes,Good,Present,High,NRTI_NNRTI_based,66,NRTI_NNRTI_based,NRTI_NNRTI_based,80,PI_based,53,INSTI_based,33,0,0,0,0,0,0,0,1,1
HIV012,synthetic_demo_data,India,A1,,6,K70R;L74V,K103N;E138K,V82A;L90M,None,Low,High,Intermediate,None,High,Reduced,Susceptible,Susceptible,Reduced,Reduced,High,High,High,Susceptible,Susceptible,Reduced,High,Treatment_Naive,No,Moderate,None,High,INSTI_based,58,INSTI_based,INSTI_based,80,PI_based,39,NRTI_NNRTI_based,24,0,0,1,0,0,0,1,0,0
HIV013,synthetic_demo_data,India,C,Low,2,None,V106M,None,N155H,None,High,None,Low,High,Susceptible,Susceptible,Susceptible,Susceptible,Susceptible,High,High,Susceptible,Susceptible,Susceptible,Susceptible,Very_Low,Previously_Treated,Yes,Poor,,High,INSTI_based,67,INSTI_based,PI_based,85,INSTI_based,75,NRTI_NNRTI_based,52,0,0,0,0,0,0,0,1,0
HIV014,synthetic_demo_data,India,CRF02_AG,,2,None,None,V32I;M46I,None,None,None,Intermediate,None,Intermediate,Susceptible,Susceptible,Susceptible,Susceptible,Susceptible,Susceptible,Susceptible,Susceptible,Susceptible,Susceptible,Reduced,Moderate,Previously_Treated,Yes,Good,None,Intermediate,NRTI_NNRTI_based,76,NRTI_NNRTI_based,INSTI_based,90,NRTI_NNRTI_based,80,PI_based,45,0,0,0,0,0,1,0,0,0
HIV015,synthetic_demo_data,India,C,Low,3,T215Y;M184V;K65R,None,None,None,High,None,None,None,High,High,High,High,Reduced,Susceptible,Susceptible,Susceptible,Susceptible,Susceptible,Susceptible,Susceptible,,Previously_Treated,Yes,Poor,None,High,INSTI_based,57,INSTI_based,INSTI_based,90,PI_based,85,NRTI_NNRTI_based,44,1,1,0,0,0,0,0,0,0
HIV016,synthetic_demo_data,India,C,,0,None,None,None,None,None,None,None,None,None,Susceptible,Susceptible,Susceptible,Susceptible,Susceptible,Susceptible,Susceptible,Susceptible,Susceptible,Susceptible,Susceptible,Low,Previously_Treated,Yes,Good,None,None,INSTI_based,100,INSTI_based,INSTI_based,90,PI_based,85,NRTI_NNRTI_based,80,0,0,0,0,0,0,0,0,0
HIV017,synthetic_demo_data,India,B,,2,L74V,None,D30N,None,Low,None,Low,None,Low,Susceptible,Susceptible,Susceptible,Reduced,Susceptible,Susceptible,Susceptible,Susceptible,Susceptible,Susceptible,Susceptible,High,Previously_Treated,Yes,Moderate,None,Low,NRTI_NNRTI_based,85,NRTI_NNRTI_based,INSTI_based,90,PI_based,77,NRTI_NNRTI_based,68,0,0,0,0,0,0,0,0,0
HIV018,synthetic_demo_data,India,C,Low,4,L74V,None,V32I;V82A,N155H,Low,None,Intermediate,Low,Intermediate,Susceptible,Susceptible,Susceptible,Reduced,Susceptible,Susceptible,Susceptible,Susceptible,Susceptible,Susceptible,Reduced,Moderate,Previously_Treated,Yes,Moderate,,Intermediate,Specialist_review_required,76,Specialist_review_required,NRTI_NNRTI_based,68,INSTI_based,65,PI_based,45,0,0,0,0,0,0,1,1,0
HIV019,synthetic_demo_data,India,CRF01_AE,High,1,K70R,None,None,None,Low,None,None,None,Low,Susceptible,Susceptible,Susceptible,Susceptible,Reduced,Susceptible,Susceptible,Susceptible,Susceptible,Susceptible,Susceptible,High,Previously_Treated,Yes,,None,Low,NRTI_NNRTI_based,85,NRTI_NNRTI_based,INSTI_based,90,PI_based,85,NRTI_NNRTI_based,68,0,0,0,0,0,0,0,0,0
HIV020,synthetic_demo_data,India,C,Low,0,None,None,None,None,None,None,None,None,None,Susceptible,Susceptible,Susceptible,Susceptible,Susceptible,Susceptible,Susceptible,Susceptible,Susceptible,Susceptible,Susceptible,Very_Low,Previously_Treated,No,Moderate,,None,INSTI_based,100,INSTI_based,INSTI_based,90,PI_based,85,NRTI_NNRTI_based,80,0,0,0,0,0,0,0,0,0
HIV021,synthetic_demo_data,India,C,High,3,None,K103N;Y181C;G190A,None,None,None,High,None,None,High,Susceptible,Susceptible,Susceptible,Susceptible,Susceptible,High,High,High,Susceptible,Susceptible,Susceptible,,Previously_Treated,Yes,Good,None,High,INSTI_based,40,INSTI_based,INSTI_based,90,PI_based,85,NRTI_NNRTI_based,30,0,0,1,1,1,0,0,0,0
HIV022,synthetic_demo_data,India,A1,,8,K65R;L74V;D67N,G190A;Y181C;V106M,None,Q148H;Y143R,High,High,None,Intermediate,High,High,Susceptible,Susceptible,High,Susceptible,High,High,Reduced,Reduced,Reduced,Susceptible,Moderate,Previously_Treated,Yes,Poor,Present,High,PI_based,40,PI_based,PI_based,85,INSTI_based,28,Alternative_regimen,10,0,1,0,1,1,0,0,0,1
HIV023,synthetic_demo_data,India,CRF01_AE,Low,0,None,None,None,None,None,None,None,None,None,Susceptible,Susceptible,Susceptible,Susceptible,Susceptible,Susceptible,Susceptible,Susceptible,Susceptible,Susceptible,Susceptible,Low,Previously_Treated,No,,None,None,INSTI_based,100,INSTI_based,INSTI_based,90,PI_based,85,NRTI_NNRTI_based,80,0,0,0,0,0,0,0,0,0
HIV024,synthetic_demo_data,India,C,High,2,None,None,V82A;M46I,None,None,None,Intermediate,None,Intermediate,Susceptible,Susceptible,Susceptible,Susceptible,Susceptible,Susceptible,Susceptible,Susceptible,Susceptible,Susceptible,Reduced,,Previously_Treated,Yes,Moderate,None,Intermediate,NRTI_NNRTI_based,80,NRTI_NNRTI_based,INSTI_based,90,NRTI_NNRTI_based,80,PI_based,51,0,0,0,0,0,1,1,0,0
HIV025,synthetic_demo_data,India,C,Low,5,M184V,E138K;K103N,None,R263K;Q148H,High,High,None,High,High,Susceptible,High,High,Susceptible,Susceptible,High,High,High,High,High,Susceptible,,Previously_Treated,Yes,Good,None,High,PI_based,48,PI_based,PI_based,85,INSTI_based,17,Alternative_regimen,17,1,0,1,0,0,0,0,0,1
HIV026,synthetic_demo_data,India,B,Low,8,None,P225H;Y181C;G190A,M46I;I54V;L90M,Q148H;Y143R,None,High,High,Intermediate,High,Susceptible,Susceptible,Susceptible,Susceptible,Susceptible,High,High,Reduced,Reduced,Reduced,High,Moderate,Previously_Treated,Yes,Moderate,,High,Specialist_review_required,40,Specialist_review_required,NRTI_NNRTI_based,30,INSTI_based,28,Alternative_regimen,10,0,0,0,1,1,1,0,0,1
HIV027,synthetic_demo_data,India,CRF01_AE,,0,None,None,None,None,None,None,None,None,None,Susceptible,Susceptible,Susceptible,Susceptible,Susceptible,Susceptible,Susceptible,Susceptible,Susceptible,Susceptible,Susceptible,Moderate,Previously_Treated,No,Good,None,None,INSTI_based,100,INSTI_based,INSTI_based,90,PI_based,85,NRTI_NNRTI_based,80,0,0,0,0,0,0,0,0,0
HIV028,synthetic_demo_data,India,C,Low,4,M184V,V106M,I84V;V82A,None,High,High,High,None,High,Susceptible,High,High,Susceptible,Susceptible,High,High,Susceptible,Susceptible,Susceptible,High,Very_Low,Previously_Treated,Yes,,None,High,INSTI_based,58,INSTI_based,INSTI_based,80,Alternative_regimen,25,NRTI_NNRTI_based,18,1,0,0,0,0,0,1,0,0
HIV029,synthetic_demo_data,India,C,High,0,None,None,None,None,None,None,None,None,None,Susceptible,Susceptible,Susceptible,Susceptible,Susceptible,Susceptible,Susceptible,Susceptible,Susceptible,Susceptible,Susceptible,High,Previously_Treated,Yes,,None,None,INSTI_based,100,INSTI_based,INSTI_based,90,PI_based,85,NRTI_NNRTI_based,80,0,0,0,0,0,0,0,0,0
HIV030,synthetic_demo_data,India,C,Moderate,1,None,P225H,None,None,None,Low,None,None,Low,Susceptible,Susceptible,Susceptible,Susceptible,Susceptible,Reduced,Susceptible,Susceptible,Susceptible,Susceptible,Susceptible,Low,Previously_Treated,Yes,,None,Low,NRTI_NNRTI_based,85,NRTI_NNRTI_based,INSTI_based,90,PI_based,85,NRTI_NNRTI_based,68,0,0,0,0,0,0,0,0,0
HIV031,synthetic_demo_data,India,C,Moderate,1,L74V,None,None,None,Low,None,None,None,Low,Susceptible,Susceptible,Susceptible,Reduced,Susceptible,Susceptible,Susceptible,Susceptible,Susceptible,Susceptible,Susceptible,Moderate,Treatment_Naive,No,,Present,Low,NRTI_NNRTI_based,95,NRTI_NNRTI_based,INSTI_based,90,PI_based,85,NRTI_NNRTI_based,68,0,0,0,0,0,0,0,0,0
HIV032,synthetic_demo_data,India,C,High,2,L74V,P225H,None,None,Low,Low,None,None,Low,Susceptible,Susceptible,Susceptible,Reduced,Susceptible,Reduced,Susceptible,Susceptible,Susceptible,Susceptible,Susceptible,Moderate,Previously_Treated,Yes,Moderate,,Low,NRTI_NNRTI_based,85,NRTI_NNRTI_based,INSTI_based,90,PI_based,85,NRTI_NNRTI_based,55,0,0,0,0,0,0,0,0,0
HIV033,synthetic_demo_data,India,C,,3,None,None,None,Q148H;Y143R;R263K,None,None,None,High,High,Susceptible,Susceptible,Susceptible,Susceptible,Susceptible,Susceptible,Susceptible,Susceptible,High,High,Susceptible,Moderate,Previously_Treated,Yes,Good,None,High,PI_based,55,PI_based,PI_based,85,NRTI_NNRTI_based,80,Alternative_regimen,22,0,0,0,0,0,0,0,0,1
HIV034,synthetic_demo_data,India,CRF01_AE,Low,1,None,G190A,None,None,None,High,None,None,High,Susceptible,Susceptible,Susceptible,Susceptible,Susceptible,Reduced,High,Susceptible,Susceptible,Susceptible,Susceptible,Moderate,Previously_Treated,Yes,,None,High,INSTI_based,67,INSTI_based,INSTI_based,90,PI_based,85,NRTI_NNRTI_based,52,0,0,0,0,1,0,0,0,0
HIV035,synthetic_demo_data,India,C,High,0,None,None,None,None,None,None,None,None,None,Susceptible,Susceptible,Susceptible,Susceptible,Susceptible,Susceptible,Susceptible,Susceptible,Susceptible,Susceptible,Susceptible,High,Previously_Treated,Yes,,None,None,INSTI_based,100,INSTI_based,INSTI_based,90,PI_based,85,NRTI_NNRTI_based,80,0,0,0,0,0,0,0,0,0
HIV036,synthetic_demo_data,India,C,High,0,None,None,None,None,None,None,None,None,None,Susceptible,Susceptible,Susceptible,Susceptible,Susceptible,Susceptible,Susceptible,Susceptible,Susceptible,Susceptible,Susceptible,Moderate,Previously_Treated,No,Good,,None,INSTI_based,100,INSTI_based,INSTI_based,90,PI_based,85,NRTI_NNRTI_based,80,0,0,0,0,0,0,0,0,0
HIV037,synthetic_demo_data,India,C,High,1,L74V,None,None,None,Low,None,None,None,Low,Susceptible,Susceptible,Susceptible,Reduced,Susceptible,Susceptible,Susceptible,Susceptible,Susceptible,Susceptible,Susceptible,,Previously_Treated,Yes,Moderate,None,Low,NRTI_NNRTI_based,85,NRTI_NNRTI_based,INSTI_based,90,PI_based,85,NRTI_NNRTI_based,68,0,0,0,0,0,0,0,0,0
HIV038,synthetic_demo_data,India,B,,3,None,None,V32I,R263K;Q148H,None,None,Low,High,High,Susceptible,Susceptible,Susceptible,Susceptible,Susceptible,Susceptible,Susceptible,Susceptible,High,High,Reduced,Moderate,Previously_Treated,Yes,Good,None,High,PI_based,62,PI_based,NRTI_NNRTI_based,80,PI_based,65,Alternative_regimen,28,0,0,0,0,0,0,0,0,1
HIV039,synthetic_demo_data,India,C,,8,K65R;D67N;L74V,None,M46I;I54V,R263K;N155H;Y143R,High,None,Intermediate,Intermediate,High,High,Susceptible,Susceptible,High,Susceptible,Susceptible,Susceptible,Susceptible,Reduced,Reduced,Reduced,Moderate,Previously_Treated,Yes,Good,None,High,Specialist_review_required,52,Specialist_review_required,NRTI_NNRTI_based,40,PI_based,33,INSTI_based,28,0,1,0,0,0,1,0,1,0
HIV040,synthetic_demo_data,India,C,High,8,L74V;T215Y,K103N;Y181C,M46I;V32I,N155H;Q148H,Intermediate,High,Intermediate,High,High,Reduced,Susceptible,Susceptible,Reduced,Reduced,High,High,High,High,High,Reduced,,Treatment_Naive,No,Good,None,High,Specialist_review_required,50,Specialist_review_required,PI_based,45,INSTI_based,23,NRTI_NNRTI_based,15,0,0,1,1,0,1,0,1,1
HIV041,synthetic_demo_data,India,A1,Low,4,M184V;K65R,None,V82A;I84V,None,High,None,High,None,High,High,High,High,Reduced,Susceptible,Susceptible,Susceptible,Susceptible,Susceptible,Susceptible,High,,Previously_Treated,Yes,Good,None,High,INSTI_based,58,INSTI_based,INSTI_based,90,NRTI_NNRTI_based,45,Alternative_regimen,25,1,1,0,0,0,0,1,0,0
HIV042,synthetic_demo_data,India,CRF01_AE,Moderate,3,None,None,I84V;L90M,N155H,None,None,High,Low,High,Susceptible,Susceptible,Susceptible,Susceptible,Susceptible,Susceptible,Susceptible,Susceptible,Susceptible,Susceptible,High,High,Previously_Treated,Yes,Moderate,,High,NRTI_NNRTI_based,52,NRTI_NNRTI_based,NRTI_NNRTI_based,80,INSTI_based,75,Alternative_regimen,20,0,0,0,0,0,0,0,1,0
HIV043,synthetic_demo_data,India,C,Moderate,0,None,None,None,None,None,None,None,None,None,Susceptible,Susceptible,Susceptible,Susceptible,Susceptible,Susceptible,Susceptible,Susceptible,Susceptible,Susceptible,Susceptible,Moderate,Previously_Treated,Yes,Good,,None,INSTI_based,100,INSTI_based,INSTI_based,90,PI_based,85,NRTI_NNRTI_based,80,0,0,0,0,0,0,0,0,0
HIV044,synthetic_demo_data,India,C,,3,L74V;D67N,None,None,Q148R,Low,None,None,Intermediate,Intermediate,Susceptible,Susceptible,Susceptible,Reduced,Reduced,Susceptible,Susceptible,Susceptible,Reduced,Reduced,Susceptible,Low,Previously_Treated,Yes,Good,None,Intermediate,PI_based,76,PI_based,PI_based,85,NRTI_NNRTI_based,68,INSTI_based,50,0,0,0,0,0,0,0,0,0
HIV045,synthetic_demo_data,India,CRF01_AE,High,1,None,None,None,Y143R,None,None,None,Low,Low,Susceptible,Susceptible,Susceptible,Susceptible,Susceptible,Susceptible,Susceptible,Susceptible,Susceptible,Susceptible,Susceptible,Moderate,Treatment_Naive,No,,None,Low,NRTI_NNRTI_based,100,NRTI_NNRTI_based,PI_based,85,INSTI_based,80,NRTI_NNRTI_based,80,0,0,0,0,0,0,0,0,0
HIV046,synthetic_demo_data,India,A1,,0,None,None,None,None,None,None,None,None,None,Susceptible,Susceptible,Susceptible,Susceptible,Susceptible,Susceptible,Susceptible,Susceptible,Susceptible,Susceptible,Susceptible,Moderate,Previously_Treated,Yes,Good,Present,None,INSTI_based,100,INSTI_based,INSTI_based,90,PI_based,85,NRTI_NNRTI_based,80,0,0,0,0,0,0,0,0,0
HIV047,synthetic_demo_data,India,C,,10,K65R;K70R;T215Y,G190A;V106M;P225H,V82A;V32I,Q148H;Y143R,High,High,Intermediate,Intermediate,High,High,Susceptible,Susceptible,Reduced,Reduced,High,High,Susceptible,Reduced,Reduced,Reduced,Moderate,Previously_Treated,Yes,Moderate,None,High,Specialist_review_required,40,Specialist_review_required,PI_based,45,INSTI_based,28,Alternative_regimen,10,0,1,0,0,1,0,1,0,1
HIV048,synthetic_demo_data,India,C,Low,9,T215Y;K65R;K70R,E138K;V106M;G190A,None,R263K;Q148R;Q148H,High,High,None,High,High,High,Susceptible,Susceptible,Reduced,Reduced,High,High,Reduced,High,High,Susceptible,Low,Previously_Treated,Yes,,None,High,PI_based,40,PI_based,PI_based,85,Alternative_regimen,10,INSTI_based,5,0,1,0,0,1,0,0,0,1
HIV049,synthetic_demo_data,India,A1,High,2,K65R;L74V,None,None,None,High,None,None,None,High,High,Susceptible,Susceptible,High,Susceptible,Susceptible,Susceptible,Susceptible,Susceptible,Susceptible,Susceptible,Low,Treatment_Naive,No,Good,,High,INSTI_based,69,INSTI_based,INSTI_based,90,PI_based,85,NRTI_NNRTI_based,46,0,1,0,0,0,0,0,0,0
HIV050,synthetic_demo_data,India,C,Low,1,L74V,None,None,None,Low,None,None,None,Low,Susceptible,Susceptible,Susceptible,Reduced,Susceptible,Susceptible,Susceptible,Susceptible,Susceptible,Susceptible,Susceptible,High,Previously_Treated,Yes,,None,Low,NRTI_NNRTI_based,85,NRTI_NNRTI_based,INSTI_based,90,PI_based,85,NRTI_NNRTI_based,68,0,0,0,0,0,0,0,0,0
HIV051,synthetic_demo_data,India,C,High,2,None,None,D30N;V82A,None,None,None,Low,None,Low,Susceptible,Susceptible,Susceptible,Susceptible,Susceptible,Susceptible,Susceptible,Susceptible,Susceptible,Susceptible,Reduced,Moderate,Previously_Treated,Yes,,None,Low,NRTI_NNRTI_based,84,NRTI_NNRTI_based,INSTI_based,90,NRTI_NNRTI_based,80,PI_based,59,0,0,0,0,0,0,1,0,0
HIV052,synthetic_demo_data,India,C,Low,2,None,Y181C,I54V,None,None,High,Intermediate,None,High,Susceptible,Susceptible,Susceptible,Susceptible,Susceptible,Reduced,High,Reduced,Susceptible,Susceptible,Reduced,,Previously_Treated,Yes,Good,Present,High,INSTI_based,67,INSTI_based,INSTI_based,90,PI_based,55,NRTI_NNRTI_based,52,0,0,0,1,0,0,0,0,0
HIV053,synthetic_demo_data,India,A1,Low,3,T215Y;M184V,None,V32I,None,High,None,Low,None,High,Susceptible,High,High,Susceptible,Reduced,Susceptible,Susceptible,Susceptible,Susceptible,Susceptible,Reduced,Very_Low,Treatment_Naive,No,,None,High,INSTI_based,68,INSTI_based,INSTI_based,90,PI_based,65,NRTI_NNRTI_based,45,1,0,0,0,0,0,0,0,0
HIV054,synthetic_demo_data,India,A1,,2,None,E138K,M46I,None,None,Intermediate,Low,None,Intermediate,Susceptible,Susceptible,Susceptible,Susceptible,Susceptible,Susceptible,Susceptible,Reduced,Susceptible,Susceptible,Susceptible,Very_Low,Previously_Treated,Yes,Poor,None,Intermediate,INSTI_based,73,INSTI_based,INSTI_based,90,PI_based,70,NRTI_NNRTI_based,58,0,0,0,0,0,1,0,0,0
HIV055,synthetic_demo_data,India,C,,1,L74V,None,None,None,Low,None,None,None,Low,Susceptible,Susceptible,Susceptible,Reduced,Susceptible,Susceptible,Susceptible,Susceptible,Susceptible,Susceptible,Susceptible,High,Treatment_Naive,No,Good,None,Low,NRTI_NNRTI_based,95,NRTI_NNRTI_based,INSTI_based,90,PI_based,85,NRTI_NNRTI_based,68,0,0,0,0,0,0,0,0,0
HIV056,synthetic_demo_data,India,CRF01_AE,,9,M184V;K65R;K70R,P225H;V106M;E138K,None,Y143R;N155H;Q148R,High,High,None,High,High,High,High,High,Reduced,Susceptible,High,High,Reduced,High,High,Susceptible,High,Previously_Treated,Yes,Good,Present,High,PI_based,41,PI_based,PI_based,85,Alternative_regimen,11,INSTI_based,5,1,1,0,0,0,0,0,1,0
HIV057,synthetic_demo_data,India,CRF01_AE,High,0,None,None,None,None,None,None,None,None,None,Susceptible,Susceptible,Susceptible,Susceptible,Susceptible,Susceptible,Susceptible,Susceptible,Susceptible,Susceptible,Susceptible,,Previously_Treated,Yes,Good,None,None,INSTI_based,100,INSTI_based,INSTI_based,90,PI_based,85,NRTI_NNRTI_based,80,0,0,0,0,0,0,0,0,0
HIV058,synthetic_demo_data,India,C,Moderate,3,K219Q,None,None,R263K;Q148R,Low,None,None,High,High,Susceptible,Susceptible,Susceptible,Susceptible,Susceptible,Susceptible,Susceptible,Susceptible,High,High,Susceptible,,Previously_Treated,Yes,Good,None,High,PI_based,59,PI_based,PI_based,85,NRTI_NNRTI_based,72,Alternative_regimen,26,0,0,0,0,0,0,0,0,0
HIV059,synthetic_demo_data,India,A1,,3,None,None,None,N155H;R263K;Q148H,None,None,None,High,High,Susceptible,Susceptible,Susceptible,Susceptible,Susceptible,Susceptible,Susceptible,Susceptible,High,High,Susceptible,Low,Previously_Treated,Yes,Moderate,None,High,PI_based,52,PI_based,PI_based,85,NRTI_NNRTI_based,80,Alternative_regimen,20,0,0,0,0,0,0,0,1,1
HIV060,synthetic_demo_data,India,B,Low,0,None,None,None,None,None,None,None,None,None,Susceptible,Susceptible,Susceptible,Susceptible,Susceptible,Susceptible,Susceptible,Susceptible,Susceptible,Susceptible,Susceptible,,Previously_Treated,Yes,Moderate,None,None,INSTI_based,100,INSTI_based,INSTI_based,90,PI_based,85,NRTI_NNRTI_based,80,0,0,0,0,0,0,0,0,0
HIV061,synthetic_demo_data,India,C,Moderate,3,None,None,None,Q148R;Q148H;R263K,None,None,None,High,High,Susceptible,Susceptible,Susceptible,Susceptible,Susceptible,Susceptible,Susceptible,Susceptible,High,High,Susceptible,Moderate,Previously_Treated,Yes,,Present,High,PI_based,40,PI_based,PI_based,85,NRTI_NNRTI_based,80,Alternative_regimen,10,0,0,0,0,0,0,0,0,1
HIV062,synthetic_demo_data,India,A1,Moderate,1,None,None,I84V,None,None,None,Intermediate,None,Intermediate,Susceptible,Susceptible,Susceptible,Susceptible,Susceptible,Susceptible,Susceptible,Susceptible,Susceptible,Susceptible,Reduced,,Treatment_Naive,No,Good,None,Intermediate,NRTI_NNRTI_based,83,NRTI_NNRTI_based,INSTI_based,90,NRTI_NNRTI_based,80,PI_based,40,0,0,0,0,0,0,0,0,0
HIV063,synthetic_demo_data,India,C,High,2,K70R,G190A,None,None,Low,High,None,None,High,Susceptible,Susceptible,Susceptible,Susceptible,Reduced,Reduced,High,Susceptible,Susceptible,Susceptible,Susceptible,High,Treatment_Naive,No,,Present,High,INSTI_based,77,INSTI_based,INSTI_based,90,PI_based,85,NRTI_NNRTI_based,40,0,0,0,0,1,0,0,0,0
HIV064,synthetic_demo_data,India,C,Moderate,1,None,None,None,Y143R,None,None,None,Low,Low,Susceptible,Susceptible,Susceptible,Susceptible,Susceptible,Susceptible,Susceptible,Susceptible,Susceptible,Susceptible,Susceptible,High,Previously_Treated,Yes,Good,,Low,NRTI_NNRTI_based,94,NRTI_NNRTI_based,PI_based,85,INSTI_based,80,NRTI_NNRTI_based,80,0,0,0,0,0,0,0,0,0
HIV065,synthetic_demo_data,India,C,Moderate,2,K70R;K219Q,None,None,None,Intermediate,None,None,None,Intermediate,Reduced,Susceptible,Susceptible,Susceptible,Reduced,Susceptible,Susceptible,Susceptible,Susceptible,Susceptible,Susceptible,High,Previously_Treated,Yes,,Present,Intermediate,INSTI_based,72,INSTI_based,INSTI_based,90,PI_based,85,NRTI_NNRTI_based,57,0,0,0,0,0,0,0,0,0
HIV066,synthetic_demo_data,India,C,High,2,None,G190A;V106M,None,None,None,High,None,None,High,Susceptible,Susceptible,Susceptible,Susceptible,Susceptible,High,High,Susceptible,Susceptible,Susceptible,Susceptible,,Treatment_Naive,No,Good,None,High,INSTI_based,50,INSTI_based,INSTI_based,90,PI_based,85,NRTI_NNRTI_based,30,0,0,0,0,1,0,0,0,0
HIV067,synthetic_demo_data,India,C,,2,D67N;T215Y,None,None,None,High,None,None,None,High,Reduced,Susceptible,Susceptible,Susceptible,High,Susceptible,Susceptible,Susceptible,Susceptible,Susceptible,Susceptible,Moderate,Previously_Treated,Yes,Moderate,None,High,INSTI_based,66,INSTI_based,INSTI_based,90,PI_based,85,NRTI_NNRTI_based,52,0,0,0,0,0,0,0,0,0
HIV068,synthetic_demo_data,India,CRF01_AE,Moderate,0,None,None,None,None,None,None,None,None,None,Susceptible,Susceptible,Susceptible,Susceptible,Susceptible,Susceptible,Susceptible,Susceptible,Susceptible,Susceptible,Susceptible,Low,Previously_Treated,No,Good,,None,INSTI_based,100,INSTI_based,INSTI_based,90,PI_based,85,NRTI_NNRTI_based,80,0,0,0,0,0,0,0,0,0
HIV069,synthetic_demo_data,India,C,High,3,None,G190A;K103N,L90M,None,None,High,Low,None,High,Susceptible,Susceptible,Susceptible,Susceptible,Susceptible,High,High,Susceptible,Susceptible,Susceptible,Reduced,Moderate,Previously_Treated,Yes,,None,High,INSTI_based,40,INSTI_based,INSTI_based,90,PI_based,60,NRTI_NNRTI_based,30,0,0,1,0,1,0,0,0,0
HIV070,synthetic_demo_data,India,C,Moderate,1,None,E138K,None,None,None,Intermediate,None,None,Intermediate,Susceptible,Susceptible,Susceptible,Susceptible,Susceptible,Susceptible,Susceptible,Reduced,Susceptible,Susceptible,Susceptible,,Previously_Treated,Yes,Good,None,Intermediate,INSTI_based,73,INSTI_based,INSTI_based,90,PI_based,85,NRTI_NNRTI_based,58,0,0,0,0,0,0,0,0,0
HIV071,synthetic_demo_data,India,B,Low,1,None,None,L90M,None,None,None,Low,None,Low,Susceptible,Susceptible,Susceptible,Susceptible,Susceptible,Susceptible,Susceptible,Susceptible,Susceptible,Susceptible,Reduced,High,Treatment_Naive,No,Moderate,,Low,NRTI_NNRTI_based,95,NRTI_NNRTI_based,INSTI_based,90,NRTI_NNRTI_based,80,PI_based,60,0,0,0,0,0,0,0,0,0
HIV072,synthetic_demo_data,India,CRF02_AG,,0,None,None,None,None,None,None,None,None,None,Susceptible,Susceptible,Susceptible,Susceptible,Susceptible,Susceptible,Susceptible,Susceptible,Susceptible,Susceptible,Susceptible,Moderate,Previously_Treated,Yes,Good,Present,None,INSTI_based,100,INSTI_based,INSTI_based,90,PI_based,85,NRTI_NNRTI_based,80,0,0,0,0,0,0,0,0,0
HIV073,synthetic_demo_data,India,CRF01_AE,Moderate,0,None,None,None,None,None,None,None,None,None,Susceptible,Susceptible,Susceptible,Susceptible,Susceptible,Susceptible,Susceptible,Susceptible,Susceptible,Susceptible,Susceptible,Moderate,Previously_Treated,Yes,Good,,None,INSTI_based,100,INSTI_based,INSTI_based,90,PI_based,85,NRTI_NNRTI_based,80,0,0,0,0,0,0,0,0,0
HIV074,synthetic_demo_data,India,CRF01_AE,,0,None,None,None,None,None,None,None,None,None,Susceptible,Susceptible,Susceptible,Susceptible,Susceptible,Susceptible,Susceptible,Susceptible,Susceptible,Susceptible,Susceptible,High,Previously_Treated,No,Poor,None,None,INSTI_based,100,INSTI_based,INSTI_based,90,PI_based,85,NRTI_NNRTI_based,80,0,0,0,0,0,0,0,0,0
HIV075,synthetic_demo_data,India,CRF02_AG,,8,K219Q;T215Y;D67N,G190A;V106M,M46I;I84V;I54V,None,High,High,High,None,High,Reduced,Susceptible,Susceptible,Susceptible,High,High,High,Susceptible,Susceptible,Susceptible,High,Very_Low,Previously_Treated,Yes,Good,None,High,INSTI_based,40,INSTI_based,INSTI_based,80,Alternative_regimen,10,PI_based,5,0,0,0,0,1,1,0,0,0
HIV076,synthetic_demo_data,India,B,Low,3,L74V,P225H;K103N,None,None,Low,High,None,None,High,Susceptible,Susceptible,Susceptible,Reduced,Susceptible,High,High,Susceptible,Susceptible,Susceptible,Susceptible,Moderate,Previously_Treated,Yes,,Present,High,INSTI_based,40,INSTI_based,INSTI_based,90,PI_based,85,NRTI_NNRTI_based,18,0,0,1,0,0,0,0,0,0
HIV077,synthetic_demo_data,India,C,Low,8,D67N;K219Q,Y181C;P225H,V82A;I54V,R263K;Y143R,Intermediate,High,Intermediate,Intermediate,High,Reduced,Susceptible,Susceptible,Susceptible,Reduced,Reduced,High,Reduced,Reduced,Reduced,Reduced,,Previously_Treated,Yes,Good,None,High,Specialist_review_required,55,Specialist_review_required,INSTI_based,46,PI_based,33,NRTI_NNRTI_based,22,0,0,0,1,0,0,1,0,0
HIV078,synthetic_demo_data,India,A1,,1,None,None,None,Q148R,None,None,None,Intermediate,Intermediate,Susceptible,Susceptible,Susceptible,Susceptible,Susceptible,Susceptible,Susceptible,Susceptible,Reduced,Reduced,Susceptible,Low,Previously_Treated,Yes,Good,None,Intermediate,PI_based,76,PI_based,PI_based,85,NRTI_NNRTI_based,80,INSTI_based,50,0,0,0,0,0,0,0,0,0
HIV079,synthetic_demo_data,India,C,Moderate,3,None,None,None,Y143R;Q148R;N155H,None,None,None,High,High,Susceptible,Susceptible,Susceptible,Susceptible,Susceptible,Susceptible,Susceptible,Susceptible,High,High,Susceptible,,Previously_Treated,Yes,Poor,None,High,PI_based,55,PI_based,PI_based,85,NRTI_NNRTI_based,80,Alternative_regimen,22,0,0,0,0,0,0,0,1,0
HIV080,synthetic_demo_data,India,C,,3,None,None,D30N;I84V;I54V,None,None,None,High,None,High,Susceptible,Susceptible,Susceptible,Susceptible,Susceptible,Susceptible,Susceptible,Susceptible,Susceptible,Susceptible,High,Moderate,Previously_Treated,Yes,Moderate,None,High,NRTI_NNRTI_based,43,NRTI_NNRTI_based,INSTI_based,90,NRTI_NNRTI_based,80,Alternative_regimen,12,0,0,0,0,0,0,0,0,0
HIV081,synthetic_demo_data,India,C,High,8,T215Y;M184V,G190A;E138K,V82A;M46I,R263K;Q148R,High,High,Intermediate,High,High,Susceptible,High,High,Susceptible,Reduced,High,High,Reduced,High,High,Reduced,,Previously_Treated,Yes,Good,None,High,Specialist_review_required,58,Specialist_review_required,PI_based,51,Alternative_regimen,25,NRTI_NNRTI_based,14,1,0,0,0,1,1,1,0,0
HIV082,synthetic_demo_data,India,CRF01_AE,Moderate,3,None,V106M;P225H;G190A,None,None,None,High,None,None,High,Susceptible,Susceptible,Susceptible,Susceptible,Susceptible,High,High,Susceptible,Susceptible,Susceptible,Susceptible,Very_Low,Previously_Treated,Yes,Good,,High,INSTI_based,40,INSTI_based,INSTI_based,90,PI_based,85,NRTI_NNRTI_based,30,0,0,0,0,1,0,0,0,0
HIV083,synthetic_demo_data,India,C,High,4,L74V,P225H;E138K,V32I,None,Low,Intermediate,Low,None,Intermediate,Susceptible,Susceptible,Susceptible,Reduced,Susceptible,Reduced,Susceptible,Reduced,Susceptible,Susceptible,Reduced,Very_Low,Previously_Treated,Yes,Moderate,,Intermediate,INSTI_based,73,INSTI_based,INSTI_based,80,PI_based,65,NRTI_NNRTI_based,45,0,0,0,0,0,0,0,0,0
HIV084,synthetic_demo_data,India,C,Moderate,8,None,E138K;K103N,V82A;V32I;D30N,Q148R;N155H;R263K,None,High,Intermediate,High,High,Susceptible,Susceptible,Susceptible,Susceptible,Susceptible,High,High,High,High,High,Reduced,,Previously_Treated,Yes,Good,None,High,Specialist_review_required,48,Specialist_review_required,NRTI_NNRTI_based,37,PI_based,36,Alternative_regimen,17,0,0,1,0,0,0,1,1,0
HIV085,synthetic_demo_data,India,B,Moderate,2,M184V,Y181C,None,None,High,High,None,None,High,Susceptible,High,High,Susceptible,Susceptible,Reduced,High,Reduced,Susceptible,Susceptible,Susceptible,Very_Low,Previously_Treated,Yes,,None,High,INSTI_based,58,INSTI_based,INSTI_based,90,PI_based,85,Alternative_regimen,25,1,0,0,1,0,0,0,0,0
HIV086,synthetic_demo_data,India,CRF01_AE,High,3,K70R,None,V82A,N155H,Low,None,Low,Low,Low,Susceptible,Susceptible,Susceptible,Susceptible,Reduced,Susceptible,Susceptible,Susceptible,Susceptible,Susceptible,Susceptible,High,Treatment_Naive,No,,None,Low,Specialist_review_required,95,Specialist_review_required,PI_based,70,NRTI_NNRTI_based,68,INSTI_based,65,0,0,0,0,0,0,1,1,0
HIV087,synthetic_demo_data,India,C,,1,T215Y,None,None,None,Intermediate,None,None,None,Intermediate,Susceptible,Susceptible,Susceptible,Susceptible,Reduced,Susceptible,Susceptible,Susceptible,Susceptible,Susceptible,Susceptible,Moderate,Previously_Treated,Yes,Poor,None,Intermediate,INSTI_based,82,INSTI_based,INSTI_based,90,PI_based,85,NRTI_NNRTI_based,65,0,0,0,0,0,0,0,0,0
HIV088,synthetic_demo_data,India,A1,Low,0,None,None,None,None,None,None,None,None,None,Susceptible,Susceptible,Susceptible,Susceptible,Susceptible,Susceptible,Susceptible,Susceptible,Susceptible,Susceptible,Susceptible,Very_Low,Previously_Treated,Yes,Moderate,,None,INSTI_based,100,INSTI_based,INSTI_based,90,PI_based,85,NRTI_NNRTI_based,80,0,0,0,0,0,0,0,0,0
HIV089,synthetic_demo_data,India,C,Moderate,1,M184V,None,None,None,High,None,None,None,High,Susceptible,High,High,Susceptible,Susceptible,Susceptible,Susceptible,Susceptible,Susceptible,Susceptible,Susceptible,,Treatment_Naive,No,Good,None,High,INSTI_based,68,INSTI_based,INSTI_based,90,PI_based,85,NRTI_NNRTI_based,45,1,0,0,0,0,0,0,0,0
HIV090,synthetic_demo_data,India,CRF01_AE,Low,1,None,V106M,None,None,None,High,None,None,High,Susceptible,Susceptible,Susceptible,Susceptible,Susceptible,High,High,Susceptible,Susceptible,Susceptible,Susceptible,,Previously_Treated,Yes,Poor,None,High,INSTI_based,67,INSTI_based,INSTI_based,90,PI_based,85,NRTI_NNRTI_based,52,0,0,0,0,0,0,0,0,0
HIV091,synthetic_demo_data,India,C,,3,L74V;K65R;T215Y,None,None,None,High,None,None,None,High,High,Susceptible,Susceptible,High,Susceptible,Susceptible,Susceptible,Susceptible,Susceptible,Susceptible,Susceptible,Moderate,Previously_Treated,Yes,Moderate,None,High,INSTI_based,50,INSTI_based,INSTI_based,90,PI_based,85,NRTI_NNRTI_based,38,0,1,0,0,0,0,0,0,0
HIV092,synthetic_demo_data,India,C,High,2,None,K103N,M46I,None,None,High,Low,None,High,Susceptible,Susceptible,Susceptible,Susceptible,Susceptible,High,High,Susceptible,Susceptible,Susceptible,Susceptible,High,Treatment_Naive,No,,None,High,INSTI_based,68,INSTI_based,INSTI_based,90,PI_based,70,NRTI_NNRTI_based,45,0,0,1,0,0,1,0,0,0
HIV093,synthetic_demo_data,India,A1,High,2,None,None,I54V;V82A,None,None,None,Intermediate,None,Intermediate,Susceptible,Susceptible,Susceptible,Susceptible,Susceptible,Susceptible,Susceptible,Susceptible,Susceptible,Susceptible,Reduced,High,Treatment_Naive,No,Moderate,,Intermediate,NRTI_NNRTI_based,79,NRTI_NNRTI_based,INSTI_based,90,NRTI_NNRTI_based,80,Alternative_regimen,34,0,0,0,0,0,0,1,0,0
HIV094,synthetic_demo_data,India,C,,2,None,None,L90M,N155H,None,None,Low,Low,Low,Susceptible,Susceptible,Susceptible,Susceptible,Susceptible,Susceptible,Susceptible,Susceptible,Susceptible,Susceptible,Reduced,Moderate,Previously_Treated,Yes,Moderate,None,Low,NRTI_NNRTI_based,85,NRTI_NNRTI_based,NRTI_NNRTI_based,80,INSTI_based,75,PI_based,60,0,0,0,0,0,0,0,1,0
HIV095,synthetic_demo_data,India,A1,Moderate,2,None,None,D30N,Q148R,None,None,Low,Intermediate,Intermediate,Susceptible,Susceptible,Susceptible,Susceptible,Susceptible,Susceptible,Susceptible,Susceptible,Reduced,Reduced,Susceptible,Low,Previously_Treated,Yes,,None,Intermediate,PI_based,76,PI_based,NRTI_NNRTI_based,80,PI_based,77,INSTI_based,50,0,0,0,0,0,0,0,0,0
HIV096,synthetic_demo_data,India,C,Moderate,10,K70R;D67N,E138K;P225H;V106M,I54V;V32I;L90M,R263K;Q148H,Intermediate,High,High,High,High,Reduced,Susceptible,Susceptible,Susceptible,Reduced,High,High,Reduced,High,High,High,Moderate,Previously_Treated,Yes,,Present,High,Specialist_review_required,41,Specialist_review_required,INSTI_based,17,Alternative_regimen,11,PI_based,5,0,0,0,0,0,0,0,0,1
HIV097,synthetic_demo_data,India,A1,Moderate,2,M184V;D67N,None,None,None,High,None,None,None,High,Susceptible,High,High,Susceptible,Susceptible,Susceptible,Susceptible,Susceptible,Susceptible,Susceptible,Susceptible,,Previously_Treated,Yes,Moderate,Present,High,INSTI_based,58,INSTI_based,INSTI_based,90,PI_based,85,NRTI_NNRTI_based,45,1,0,0,0,0,0,0,0,0
HIV098,synthetic_demo_data,India,CRF01_AE,Moderate,9,K70R;K219Q,G190A;K103N;Y181C,I84V;I54V,N155H;Q148R,Intermediate,High,High,High,High,Reduced,Susceptible,Susceptible,Susceptible,Reduced,High,High,High,High,High,High,Very_Low,Treatment_Naive,No,,Present,High,Specialist_review_required,50,Specialist_review_required,INSTI_based,17,Alternative_regimen,10,NRTI_NNRTI_based,7,0,0,1,1,1,0,0,1,0
HIV099,synthetic_demo_data,India,C,Moderate,3,K65R,G190A,I84V,None,High,High,Intermediate,None,High,High,Susceptible,Susceptible,Reduced,Susceptible,Reduced,High,Susceptible,Susceptible,Susceptible,Reduced,,Treatment_Naive,No,Good,None,High,INSTI_based,77,INSTI_based,INSTI_based,80,PI_based,40,Alternative_regimen,32,0,1,0,0,1,0,0,0,0
HIV100,synthetic_demo_data,India,C,Low,1,M184V,None,None,None,High,None,None,None,High,Susceptible,High,High,Susceptible,Susceptible,Susceptible,Susceptible,Susceptible,Susceptible,Susceptible,Susceptible,Low,Previously_Treated,Yes,,None,High,INSTI_based,58,INSTI_based,INSTI_based,90,PI_based,85,NRTI_NNRTI_based,45,1,0,0,0,0,0,0,0,0
